{
  "method": "event-anchored, 2-event affine, beta fit empirically",
  "primary": "cam0",
  "events": [
    {
      "cam0": 330,
      "cam1": 341,
      "cam2": 335,
      "cam3": 336
    },
    {
      "cam0": 7714,
      "cam1": 7712,
      "cam2": 7670,
      "cam3": 7607
    }
  ],
  "fps_metadata": {
    "cam0": 24.54804728828373,
    "cam1": 24.524472015691284,
    "cam2": 24.442111988317436,
    "cam3": 24.296208422685588
  },
  "offsets": {
    "cam0": {
      "alpha": 0.0,
      "beta": 1.0,
      "event_frames": [
        [
          330,
          330
        ],
        [
          7714,
          7714
        ]
      ]
    },
    "cam1": {
      "alpha": 11.580985915492988,
      "beta": 0.9982394366197183,
      "event_frames": [
        [
          330,
          341
        ],
        [
          7714,
          7712
        ]
      ]
    },
    "cam2": {
      "alpha": 7.1898699891658,
      "beta": 0.9933640303358613,
      "event_frames": [
        [
          330,
          335
        ],
        [
          7714,
          7670
        ]
      ]
    },
    "cam3": {
      "alpha": 11.050108342361852,
      "beta": 0.9846966413867823,
      "event_frames": [
        [
          330,
          336
        ],
        [
          7714,
          7607
        ]
      ]
    }
  }
}